intervention,frequency,inclusive,exclusive
c=-1,0.3333333333333333,b=-1,
c=1,0.3333333333333333,d=-1,
b=-1,0.3333333333333333,c=-1,
e=-1,0.3333333333333333,,
d=-1,0.3333333333333333,c=1,
